No,Province,Indonesian_Name,Capital,Wikipedia_URL,Feature_1,Feature_2,Feature_3,Feature_4,Feature_5,Feature_6,Feature_7,Feature_8,Feature_9,Feature_10,Feature_11,Feature_12,Feature_13,Feature_14,Feature_15,Feature_16,Feature_17,Feature_18,Feature_19,Feature_20,Feature_21,Feature_22,Feature_23,Feature_24,Feature_25,Feature_26,Feature_27,Feature_28,Feature_29,Feature_30,Feature_31,Feature_32,Feature_33,Feature_34,Feature_35,Feature_36,Feature_37,Feature_38,Feature_39,Feature_40,Feature_41,Feature_42,Feature_43,Feature_44,Feature_45,Feature_46,Feature_47,Feature_48,Feature_49,Feature_50,Feature_51,Feature_52,Feature_53,Feature_54,Feature_55,Feature_56,Feature_57,Feature_58,Feature_59,Feature_60,Feature_61,Feature_62,Feature_63,Feature_64,Feature_65,Feature_66,Feature_67,Feature_68,Feature_69,Feature_70,Feature_71,Feature_72,Feature_73,Feature_74,Feature_75,Feature_76,Feature_77,Feature_78,Feature_79,Feature_80,Feature_81,Feature_82,Feature_83,Feature_84,Feature_85,Feature_86,Feature_87,Feature_88,Feature_89,Feature_90,Feature_91,Feature_92,Feature_93,Feature_94,Feature_95,Feature_96,Feature_97,Feature_98,Feature_99,Feature_100
1,,Aceh,Banda Aceh,,-0.0035110165,0.0031236168,-0.0013819324,-0.0037400404,-0.009610665,0.004441201,0.0060271616,0.006266257,-0.005503401,-0.0006118796,0.0030941966,0.0008486959,-0.004919618,-0.0021677718,-0.004430054,0.0045139906,-0.0054018716,0.0031692758,0.0027719866,0.0065750084,0.00639025,0.000897429,0.0015189713,-0.006094146,-0.004102678,-0.005514899,-0.0027322713,-0.007888106,-0.007326156,-0.002635264,0.001487392,-0.0075800656,-0.006970644,0.0065440014,-0.0053295237,-0.0023943372,-0.006907406,-0.008195176,-0.00014567918,0.004763887,0.0032486238,0.0011448046,-0.002713064,0.0057016513,-0.007820226,0.00079741725,-6.7997724e-05,0.0045231003,-0.0030420648,-0.00036306088,-0.0024303382,0.0018748766,0.008137322,0.004745746,-0.0024135124,-0.0031156521,0.0004818899,-0.0027480088,-0.004343169,0.002205589,-0.003115529,-0.00770477,0.00030472348,0.0026215857,0.0017383015,-0.0028412777,-0.0041394937,-0.005736241,0.0037358108,-0.0049132053,0.0046256883,0.0042881616,0.0045063533,-0.004408457,0.0030948566,0.0026740918,0.0003126793,0.0061229165,0.0023660192,-0.0051308605,0.008373336,0.00082774647,-0.0052572344,-0.00026315948,0.0035886168,-0.005956176,-0.0025597534,0.004280118,0.004426983,0.0045360657,-0.005359652,-0.00085355557,0.0043130885,-0.0010545807,-0.0015072697,-0.004901564,-0.0003532997,0.0007016643,0.00037611835,-0.0014925059
2,,North Sumatra,Sumatera Utara,,0.0038628627,-0.002304487,0.0051047257,-0.0018968662,0.00042701385,-0.0027011388,-0.0025533289,-0.00028772233,0.00024196296,0.0029007508,-0.00087575533,0.0014837122,-0.005962616,0.0043046954,-0.003782331,-0.002790938,0.0009895009,0.0026774574,0.0035220436,-0.00037542195,-0.0031897703,-0.0008311239,0.003571392,-0.0003366454,-0.0015402379,0.0020865195,-0.0003413452,0.0034756376,-0.0029161305,0.0011669149,-0.0006248945,0.0002984712,0.003444687,0.005722143,0.0019165578,-0.0029209584,-0.0015727085,-0.004597331,0.004952539,-0.0037999316,-0.0007857153,0.0013026807,0.007587391,0.0005670071,-0.00068481587,0.002892916,1.5563419e-05,0.003417105,-0.0011632494,0.0040556854,-0.0015049145,-0.0008770688,-0.005313,0.0055858386,0.003211861,-0.0028077927,-0.0019643106,0.0033878647,-0.00011321,-0.0013307743,0.0029129805,0.004875492,-0.0020859411,0.004469181,0.0008163598,-0.0030443713,-0.0041318284,0.0007332962,0.005607745,-0.0023170481,8.30582e-05,0.0015423412,0.0020403124,-0.0023278382,0.00013509719,-0.0024610118,0.0018481442,-0.0012583334,-0.007090284,-0.00094937836,0.004174547,0.0019125418,-0.0026905572,0.003341481,-0.0021519181,-0.0009777274,0.0030509518,-0.0014680658,-0.0040796613,-0.0021348658,0.00033756564,-0.0005028041,-0.0014673803,-0.0022896873,0.0019708313,-0.00036319444,0.002348912,0.0075721494,0.0018270442,-0.004122379
3,,West Sumatra,Sumatera Barat,,0.0038803262,0.000973183,-0.0027669324,0.0028891866,0.00085287576,-0.004904443,-0.0026747433,-0.0049257847,0.0003667298,-0.0015319719,-0.0029488455,0.0009191721,-0.0072349547,0.0005700366,-0.0038235819,0.0008753182,0.0019722707,0.00032470177,0.0020370714,0.0013241016,-0.00025151524,-1.0175165e-05,0.004316561,0.0026664513,-0.00086025475,-0.0048313886,0.00035475125,-0.00042849546,-0.005634391,0.002838661,-0.0036105234,-0.0011799523,0.000309418,0.0029443912,0.00012883835,-0.00029072957,0.0024316604,-0.00082716317,0.0011601538,5.8749225e-05,0.0003054267,-0.0013216914,0.0018823929,-0.0010912924,0.00036399649,0.00015260326,-0.00041166623,0.0067106728,-0.00273182,-0.002830993,0.0029062915,-0.00061154854,-0.0038480717,-0.0006245901,0.0062609967,0.0015806295,-0.0021671401,0.003992336,-8.897041e-05,-0.0027622222,0.0065022353,0.0029193936,-0.0036933343,0.004261857,-0.0023576093,0.0036631012,-0.0013361273,0.0014367471,-0.0031449767,0.0013841095,0.0004679528,0.0051710615,-0.00036761147,-0.0023885933,0.0038748193,-0.0033251457,0.0048945746,-0.0022765675,-0.0032110526,-0.0035391762,-0.0010939154,0.002412024,-0.0021258548,0.0022934126,-0.0036848746,-0.0009829127,-0.00018498977,0.0011783249,0.00087192946,-0.0014846311,0.005499131,-0.00094696315,0.0010596667,0.00018861133,-0.00036437402,0.0003271089,-0.0017161112,0.0021284954,0.0011950124,-0.0036857144
4,,Riau,Pekanbaru,,-0.0087576285,0.00461339,-0.0036793528,-0.0032022644,-0.006379601,-0.0014077362,-0.005980587,0.002260803,-0.008428429,0.004120975,0.0015570736,0.005795761,-0.0011787018,-0.0010987568,0.0029260465,-0.003238996,-0.002285114,-0.006416532,-0.0010197149,-0.0047932994,-0.0037224614,0.006054822,-8.979393e-05,0.0027336413,0.006852383,0.0029584537,-0.0032938693,0.0023067044,-0.002029596,0.004740336,-0.00081951584,0.0075872224,-0.00020495424,-0.0003318307,0.00017530489,-0.007920427,0.006805395,-0.0012095111,-0.003884286,0.00020390342,-0.0027307812,-0.002887276,0.0038354478,0.0029301115,0.00028145895,0.00015521992,-0.0009941643,0.00014399347,-0.0016961953,-0.002526883,-0.0069161635,-0.002460412,-0.0042407736,-0.0036754136,-0.0010922987,0.006697848,0.00069868925,0.003300037,-0.004101162,0.00076666975,0.00393924,0.00096752564,0.0043066563,0.0022482383,0.0010814283,-0.0044183307,-0.00802538,0.0034265039,-0.0030480013,0.00057603884,-0.00173228,-0.00053956825,-0.00036576833,0.0018029155,0.00150863,-0.0020796715,-0.005963593,0.001512774,0.0021265817,-0.0038851458,-0.004490803,0.0021309576,-0.0043366756,0.0022784467,-0.0032179956,0.0005521907,-0.0011416932,0.004003761,-0.00442442,0.0032472564,-0.006357302,-0.0058889426,0.006801994,0.0052981796,-0.003226167,-0.0011649951,0.005180001,0.0026779938,0.0068314485,0.0020987042
5,,Jambi,Jambi,,0.0062970226,0.008350609,-0.006864765,0.009688703,-0.0021673273,-0.0029542,-0.0028907065,0.002774233,0.0031831511,-0.0005193359,-0.008591365,0.009740607,-0.005554444,-0.00810939,0.0019386247,-0.001756366,0.0023094716,0.0075089624,-0.008057198,-0.0043173265,0.0003415472,0.0057587773,0.0019988287,-0.0023418611,0.0022018766,0.009600339,-0.00040858483,0.0076704286,0.005588257,-0.0039612395,-0.004998891,0.005390353,-0.0058431225,-0.0032760813,-0.0052946103,0.0021393667,-0.00412024,0.0031486563,0.008700413,0.00660815,0.008947047,-0.009521761,-0.0008778044,-0.0056053763,0.008357881,0.0042408807,-0.0035817695,0.0012716119,0.0021064375,-9.949936e-05,-0.0005151565,-0.008903133,-0.00096633023,-0.0030350257,0.006378526,0.007303916,0.0050201355,-0.009375853,0.006812651,-0.0020566264,-0.0016783924,0.008914866,0.0073240683,-0.008984923,-0.0028072605,0.0049881805,0.00078074523,-0.0048442846,0.00049169874,0.007327566,-0.0055327686,0.0049174298,0.0046932288,0.007715262,-0.004047322,-0.0056928825,0.0009428355,0.0006201507,-0.0018274274,0.0055860546,0.0059882845,-0.0050835046,0.005909313,-0.005371382,-0.0018508773,-0.009449067,-0.0031908492,0.0091559375,-0.0011514458,0.0042016855,-0.0078384075,0.0027069144,-0.0025687804,0.004872561,0.0085713705,0.0006257906,-0.007937864,-0.00047181014,-0.0075370446,-0.0010182906
6,,South Sumatra,Sumatera Selatan,,0.001141384,-0.0031505658,-0.0005259629,0.0023979694,-0.0014266355,3.412948e-05,-3.733707e-05,-0.0050390973,-0.0003602798,0.0009226538,-0.0019607171,0.0013254524,-0.0061259614,0.004987304,0.00042489017,0.0006675055,-0.0018903872,0.0024771076,-0.0026566817,-0.001286522,-0.0018575789,-0.0007948786,0.003995138,0.00011123798,-0.0024796345,-0.0019745172,-0.0020616404,-0.0017252534,-0.0015547607,0.0010462316,-0.0016397794,-0.0023690816,-0.00043404044,0.0029679197,-0.0017923762,0.0034763217,8.079212e-05,-0.006249109,0.004244241,-2.3175238e-05,-0.0007495026,0.0020237537,0.0047606393,-0.0018707587,-0.0025250374,-0.0030745058,-0.00087460177,0.00092907716,0.0018448031,-0.0031022807,-0.0015593024,-0.00211511,-0.0022551732,0.004011356,0.0027512661,0.0018689052,0.0005860044,0.0033993185,0.0022353223,-0.0034285372,0.0032831738,0.0032405984,-0.0036378019,0.0023140074,0.0055514174,0.001119659,0.0031210587,0.0016705856,0.0021188082,-0.0069175838,-3.7066e-05,0.0009791747,0.0015945598,-0.001596862,-0.00065032695,-0.005778159,0.0010108876,-0.002396609,-0.0045915833,0.0016054391,0.0049952115,0.0020368285,-0.0005924218,0.0031206766,-0.0022279096,0.004694534,0.004895523,0.0008950221,-0.0029376822,-0.00064146554,0.0013218856,-0.001201268,0.00066199247,-0.0017136997,-0.0011276167,-0.0025766082,0.0042802985,0.0048627877,0.00017467886,-0.0026375682
7,,Bengkulu,Bengkulu,,0.0027278876,-0.0046793832,0.0020272434,-0.004517313,-0.00762879,-0.004905434,-0.0044871904,-0.0072992384,-0.009527814,0.008875967,0.00026844026,-0.001959045,0.008599046,-0.0055062114,-0.0019425881,0.006933421,0.0026406383,-0.002016095,-0.0048834453,-0.009297664,-0.00829895,-0.0067611695,0.0057323887,0.0027850068,-0.0013306427,0.0056581046,-0.006784377,-0.0057813134,-0.0021454142,0.008347911,0.0022846437,0.0070199417,-0.005036763,0.006967615,-0.0085504055,-0.005446777,0.00046050787,-0.00898928,0.0071652387,0.007348471,0.0008293331,-0.003883996,-0.008020721,0.0023783266,0.00075342896,0.005199337,0.0020506966,-0.007434136,-0.0075647044,0.0056167664,-0.0068195225,0.008770228,-0.007881054,0.0045674993,0.009504619,-0.0011755455,-0.008865717,0.0075335624,-0.0062538614,0.0005491519,0.009690718,0.0048954175,-0.009073667,0.006410118,-0.0067751636,0.0049870564,0.0024191057,-0.004242903,-0.0015278124,-0.0076431227,0.009735683,-0.0052332305,-0.0038264347,5.7498215e-05,0.0034476079,0.00010553837,0.00010278225,0.0016528869,0.0071539297,-0.0020979643,0.0066426075,0.0057378267,0.009220127,0.008263074,0.005963602,-0.0050654993,0.0054859496,0.0047304644,-0.00420997,0.0035594369,-0.0049406136,0.00046180963,0.005934993,-0.006229396,-0.0032609438,0.0059046447,-0.00092416885,0.009212525,-0.009840791,0.0044367267
8,,Lampung,Bandar Lampung,,0.005194728,0.004920905,0.005844958,-0.003681914,-0.0025322512,0.002088308,0.008027551,0.00587919,-0.0011268024,-0.0066538653,0.0034852354,-0.0053551984,-0.0023675852,0.006966453,0.0028472284,-0.0049291295,-0.004689949,0.00017256507,0.0034878291,-0.0018915954,0.0013455516,-0.00071558886,0.0064864275,0.0058084037,0.0016265163,0.0035765704,-0.00021262474,0.00019177266,0.00041589234,0.0029481973,0.0021188504,-0.0038705375,0.0010126843,-0.008625463,0.0001294377,0.0033560703,-0.0014305642,0.008734911,0.007867464,-0.0034700586,-0.0048733936,-0.0013794984,0.008039506,0.0033121768,0.0020590778,0.0023157292,0.004133874,-0.0025985911,-0.0021289594,-0.00092035456,-0.0044960915,0.002773302,-0.0031598825,-0.001307458,-0.004535569,-0.0052021504,-0.0072921454,-0.0054647955,0.0019884056,-0.0029254667,0.0024221705,-0.0030585108,0.0038079561,0.0048063644,0.002583143,0.0044751377,0.0034705217,0.003398982,-0.0035379913,0.006561376,-0.00656894,-0.0016430031,0.0003180243,-0.0015362861,-0.0026634128,0.0037008934,-0.00737867,-0.0012326703,0.0057581016,0.0010602907,-0.0040836395,0.0048425146,0.008432157,-0.003636293,0.0021301538,7.5693206e-05,-0.0063324706,-0.0015805275,-0.0059221876,-0.005589264,0.0009022534,0.0020647566,-0.0045688595,-0.0012751417,-0.0012921499,0.0059364648,-0.007137206,0.006541626,-0.0016819681,0.0063398667
9,,Bangka Belitung Islands,Kepulauan Bangka Belitung,,0.0019691458,-0.0005177944,0.0024759953,0.0016151803,0.0021142857,0.000616115,0.0027722467,-0.00049714156,0.0032676228,-0.0012273554,-0.0018528355,-0.0002793829,-0.007098593,0.00510351,-0.002289199,-0.0018402528,0.0020515698,0.0017661738,-0.0026032694,0.004374736,-0.00059326406,0.0028593855,-0.0034603097,0.0004686044,-0.0010936061,0.0035373,-0.00044768243,0.00525596,-0.0024487595,0.0038685768,0.0009454486,-0.00024734795,0.00035992652,-0.0054709646,-0.0006184443,-0.0009308709,0.0049970285,-0.0004308934,-0.0012624753,-0.0015635081,-0.0002421714,0.00012377813,0.00030008293,-0.0004525828,0.00060722133,0.0014633768,0.0040004887,0.0036100904,0.0004341028,-0.0016146279,0.0010788083,-0.0043596746,-0.0001789655,-0.0005671916,-0.0009383033,0.0024196992,0.0027338536,0.0018550631,0.0011561959,0.0007338111,-0.003859612,0.0025087423,-0.00037282347,-0.0047939504,-0.0016893209,-0.0015786141,0.0023903477,-0.0022309236,0.0017365484,-0.0026995214,-1.1132816e-05,0.0028918444,-0.0008038285,0.0014977847,0.0018382086,0.0019758015,-0.0013341024,0.0035174943,-0.003357013,-0.0010400708,-0.0030413598,-0.0022351,0.0013487042,-0.005101645,3.769854e-05,0.0014053521,0.0019196043,-0.0033388715,-0.004558574,0.000748218,-0.0056780516,0.0011737404,0.0011216043,-0.0012297033,0.004448953,7.392714e-05,-0.0041306634,0.00075886445,0.0018593479,-0.0035435602
10,,Riau Islands,Kepulauan Riau,,-0.0029175037,0.00090489053,0.0038145608,-0.0039921133,-0.004605731,-0.00038061454,-0.005351507,0.0011143181,-0.004509278,0.002281522,-0.0044314754,-0.0015820133,7.5831835e-05,0.0009217094,0.0018655243,-0.006233309,-0.0011827031,0.001587474,-0.0037637067,-0.0016159689,-0.0025330381,0.005650011,-0.0057394365,0.0063529923,0.002936215,0.004143485,-0.0040657753,0.0061691217,0.0001910401,0.00373288,-0.0009596729,0.0068617603,-0.0018018412,-0.0043854797,7.865505e-05,-0.0047562914,0.008077298,0.0011311778,-0.0021846958,0.001241322,1.2724689e-05,-0.0008237355,0.005810464,0.0018055007,0.0038195876,-0.0010072715,0.0012930209,-0.00014653291,-0.00073378044,-0.0039414084,-0.008050451,-0.0029832227,-0.00020642005,-0.005763321,-0.0039173486,0.0038787606,-0.002904533,0.0021803256,0.0014203887,0.0019764306,0.002970703,-0.00027007482,0.0075081387,-0.0028966404,0.0024578385,-0.0028198129,-0.00610535,-0.0004721859,-0.0018031274,0.001929551,-0.005097488,-0.002796973,0.003113117,0.005414252,-0.003908313,-0.003875123,-0.0018831905,0.008127631,0.0030266123,-0.0017354118,-0.0023540272,-0.00586952,-0.0014142112,0.002828482,0.0015502712,-0.0041943537,0.004909324,-0.0016488509,-0.0041263923,-0.002382053,-0.0051280027,-0.001517987,0.0015801438,0.005939682,-0.0034914012,0.004350189,0.00055182585,0.003616185,0.003629466,-0.002293298
11,,Special Capital Region of Jakarta,Daerah Khusus Ibukota Jakarta,,-0.0015039664,-0.001980249,0.0017978963,0.00200481,-0.0019457787,0.0014509808,-0.00042993893,0.0018510973,0.00053023803,-0.0020191807,0.00091991905,-0.0027621533,0.0034748416,0.00047471633,-0.002556489,-0.00060460996,-0.0014240264,-0.002242677,0.001795103,0.00094074756,0.001599429,0.00023624001,-0.0037372494,0.002870729,8.712929e-05,-0.00016554014,-0.003043577,-0.0030390164,-0.00028645538,-0.0037019455,-0.0015449814,0.0030360254,0.0013337608,-0.0024359887,-0.0013068618,-0.0016972369,0.001786654,0.0019492935,-0.00049123535,-0.0022806665,-0.0026320626,-0.0042768246,-0.00081066,0.00097209145,0.0005036526,0.00044916497,0.0013191067,0.003801058,1.2242959e-05,-0.0008781442,0.0009442323,0.00026668288,0.00043888544,-0.0002687293,0.003398966,0.00070539373,0.0030769864,0.0015465998,-0.0012499742,-0.0010743904,-0.0016313227,-0.0013233098,0.0010468718,-0.0012369925,-0.00031018505,-0.0036865564,-0.0014914252,0.0003863541,-0.0065127057,0.0016177013,0.0043420997,-0.0005127635,0.00011483387,-0.0011628552,-0.00043185463,-0.000222261,0.00055861374,-0.0026836353,0.00087718864,-0.0023827998,-0.0002866695,0.0031292483,-0.0021430575,0.001280007,-0.00083458866,-0.0015783182,0.0011063053,-0.0026297541,0.0022430927,0.0021255696,0.0014337365,-0.0018448223,0.0037185582,-0.00089537434,-0.0009255186,-0.0026584624,0.004109282,0.0030254936,-0.00042359397,0.0016372307
12,,West Java,Jawa Barat,,-0.0003528649,0.0025924996,-0.0008138302,0.0019336145,0.00042814857,0.0019647167,-0.0006698404,0.0010319599,-0.0013494464,-0.007702979,-0.00020464219,-0.0024210867,-0.00025950524,-0.0007998362,-0.0051768487,0.0019447675,0.0056986683,-0.0013282286,-0.0011505873,0.003913088,-0.0019702648,-0.0022624766,0.004780712,0.0012336684,0.0024044607,0.00102904,0.0031371335,-2.37145e-05,-0.0050073857,-0.0024800808,-8.459315e-05,0.0045416076,-0.00035783608,0.0035163537,0.00084960053,0.0013271023,0.0009933783,-0.00017678522,-0.007654862,-0.0008479068,0.0038000352,-0.0030762115,-0.0017139041,-0.001900251,-0.0012093328,0.00096976117,0.003189554,0.0046682423,0.0024128105,4.0091458e-05,0.0030767673,-0.00062906975,-0.0026086862,-0.0027421364,0.0017423758,0.00049823686,-0.002512006,0.005051152,0.0016982001,-0.0015421058,0.002854717,0.00026494963,-0.0041699843,0.0023414264,-0.003890233,0.004072097,-0.0005386144,0.0002860967,-0.005992677,0.0031445902,0.00088023837,0.0020532445,-0.0026417268,-3.850425e-05,0.0050297445,-3.4575583e-05,0.00032560126,-0.0032806501,0.0013763084,-0.002143872,-0.0035816322,0.0005946505,-0.0037237501,0.0039517665,-0.002096568,-0.0044051185,-0.004853295,-0.00065782305,0.0053558247,-0.0019655293,0.005189404,0.0040874663,0.0006026055,-0.000622616,-0.0017563893,0.0008531461,-0.0019588405,-0.0054704705,0.00023078884,0.0011004764
13,,Central Java,Jawa Tengah,,-0.0045009456,-0.00082744117,0.0009552409,-0.0019648313,-0.0004431553,0.0054794094,-0.001580662,0.0009484475,-0.003264712,-0.000998869,-0.0007878567,7.7287754e-05,0.004812185,0.002373939,0.0020087038,0.003436936,8.400661e-06,-0.002576357,-0.0028222713,0.0055395085,-0.007410777,0.0017135867,0.0027883314,-0.0024072411,0.0024839514,-8.1414124e-05,0.0046455003,0.0006970712,0.0009198259,-0.005407113,0.0016310912,0.0023021947,0.0008287622,0.003310378,0.0016944351,0.003908719,0.0010366492,-0.0037339213,-0.0053097736,0.0014368376,0.001292362,0.0010620364,0.002233801,-0.0053805895,-0.004281775,-0.001780988,0.000103981976,-0.0029612884,0.00457322,0.0015953403,0.005313607,-0.00072650344,-0.0013508492,0.00082413014,-0.0018691637,-0.00080941315,0.0008932481,-0.00037900353,0.0010351733,0.0018288053,0.00073906686,0.002506212,-0.0036789954,0.004317344,0.00153654,0.004045681,0.003442319,0.0023122167,-0.004069757,-0.003302757,0.0010476725,0.0006657238,-0.006255774,-2.6183086e-05,0.0051505407,0.002849746,-0.002771176,-0.002773065,0.000256652,0.003396204,-0.00023515499,-0.0007975521,-0.006850587,0.00014120003,0.0018852596,0.00043329102,-0.006439942,-0.0030726215,-0.00013469854,-0.00434536,-0.0022386215,0.004673841,0.0012326122,0.0023936958,-0.00090456114,-0.0010434963,0.004610044,-0.0057582418,-0.0038770935,0.0027101699
14,,Special Region of Yogyakarta,Daerah Istimewa Yogyakarta,,0.0016060056,-0.0046950397,-0.0025099576,0.0010274618,-0.00031602962,0.00029889602,-0.0021146017,0.0011712639,-0.001913035,-0.00017775083,-0.0010935182,0.00048370069,0.002355051,-0.0022263029,-0.0045464844,-0.0013405319,0.0013713269,0.0015266383,-0.00045926988,0.002010967,0.0027325116,-0.0039254217,-0.005081919,0.0019406717,0.00092514633,0.0014256231,0.0010639065,0.0001717372,-0.0019943563,0.0005085911,0.0028543447,-0.0011223431,0.0051697427,-0.0035026073,0.0015308143,0.00084544596,-0.0033494872,-0.0018764324,-0.0013634878,0.002837042,-0.0033088906,-0.00027868073,-0.00079121813,-0.0015692572,0.0020512023,-6.3178927e-06,0.0011830804,-0.000312024,-0.0029089598,0.00052829436,0.0021793607,0.0010087169,-0.0011618957,-0.0021257398,0.00081632106,0.0013684604,0.0031540948,0.0012418452,-0.0044539156,0.001812607,-0.004591512,0.004717309,-0.0011717007,-0.001960631,-0.0022668373,-0.0032595957,0.00024504447,0.0029921096,-0.003578509,0.0062239743,-0.001047784,0.0021509908,-0.002867516,-0.00088862795,-2.0193069e-05,0.0006379659,-0.00017488295,-0.0016878875,0.0023686998,0.0006836997,-0.0017156209,0.0004487841,-1.7204521e-06,0.0026842966,-0.0005256318,0.001119839,0.002447222,0.0017062653,0.0036571554,0.0024312998,0.0009216774,-0.0027304902,-0.00054648117,-0.0019526022,0.0005633271,0.0017518956,0.0003812907,0.00019454907,-0.0006846129,0.0014393689
15,,East Java,Jawa Timur,,-0.00024290103,-0.0029142122,0.00018714287,-0.0041868584,-0.0009093392,0.0007442788,0.0019596617,0.004308713,-0.00327907,-0.0034817238,-0.0024339752,-0.0029785482,0.0027146635,0.0027538943,-0.0023235034,0.0038305786,0.0027905041,-0.003137168,-0.0005466541,0.002231869,0.00084602134,0.0022568787,0.0017841808,-0.0021276942,-0.00026468746,0.00318866,0.002584205,0.00097390334,-0.0044040903,-0.00030498614,-0.00044083706,-3.3807824e-05,-0.0005247225,0.0024760717,0.002056533,-0.0026598666,-0.003753882,-0.0025830208,-0.003942209,0.0002734142,0.002036512,-0.002261774,-0.0003664787,-0.0019067702,-0.0064321416,-0.0004984493,0.004793131,0.00425745,0.005073862,-0.0016835997,-0.0015170431,-0.0010039012,-0.003677234,-0.00071937195,-0.00093297346,-0.0061055785,0.0053920494,0.0035590683,0.0033374429,0.0010354922,0.00042290217,-0.0020582173,-0.0075537497,0.00062886137,0.0025518343,-0.0005215071,0.004301531,0.00066543743,0.0014330895,-0.00016159983,0.00039835693,2.577249e-05,-0.00093241443,0.00085471384,0.0030614324,-0.0013285086,-0.0023945724,-0.0011304975,-0.002122422,0.0010821479,-0.0028119134,-0.007147966,-0.00568466,0.0013837169,0.0006726022,-0.00027650362,-0.0019364974,-0.0070747393,0.001929873,-0.0030716925,0.0018354814,0.0030306198,-0.0029306582,-0.0048757624,-0.0012450155,-0.0025984508,0.0032722778,-0.00079082185,0.00075007,0.0051607136
16,,Banten,Serang,,0.008766733,5.1283278e-05,-0.0014310488,0.0061108386,-0.00054749916,-0.0029360387,-0.0029017965,0.00034834724,0.006400652,-0.001379638,-0.00622571,0.001206165,0.006728312,0.000114840186,-0.004127003,-0.00067845744,0.0018215952,0.0058684144,0.0003416515,0.0004898694,0.0019128644,0.008249436,0.0077004135,-0.008689066,-0.0031693662,-0.0013786246,-0.008994759,0.0006584404,-0.0012625135,0.00018012058,0.00067366683,-0.0002835734,0.00037989998,-0.005628163,-0.000716764,0.0018280855,-0.0011426092,-0.001385123,-0.0003487697,0.0044179554,0.0010685592,-0.0050550126,0.0038192011,-0.006064619,-0.0027712933,-0.0029130175,0.0051316014,-0.0066732317,0.0015788109,-0.0037202872,-0.005618574,0.0013487986,0.0013702667,0.00081264577,-0.0066386303,-0.0019950536,-0.0029136078,-0.0029107083,-0.0012869836,0.0019217596,0.007983611,0.0042851246,-0.0074790204,-0.0038544377,-0.0025106242,-0.000233314,-0.0012193031,-0.008524572,-0.0015136744,-0.0052436045,-0.006078885,0.00452293,-0.0061223274,0.0085421335,0.0010217184,-0.0058642225,-0.0010928072,0.0031617095,-0.002407792,-0.008594021,0.0017428315,-0.0023688297,0.00039833458,-0.0017390661,0.003612133,0.00086491357,0.005087355,-0.0070152003,-0.0068508163,0.003193572,-0.008008337,0.0005707778,0.009617068,0.0011977709,0.0010435432,0.00024807686,-0.004207579,-0.007866676,-0.0030792025,-0.0042190314
17,,Bali,Denpasar,,0.0007291399,-0.0034856512,0.0039736135,0.0071025975,-0.0072333775,0.0027588382,-0.0045159394,-0.002254637,-0.0047413833,0.0028927692,-0.0058033997,0.001098743,-0.005458866,0.0062997015,0.004014967,0.002364672,-0.0017685575,-0.007851462,0.0042459164,-0.0046555367,0.0071391836,0.006982515,0.0030333006,0.004443514,0.001157547,0.003304299,-0.007261811,-0.004263239,0.002144404,0.00484782,-0.00048241764,-0.007883266,0.0060313325,-0.0013550757,-0.0038618203,0.0043712705,-0.002645852,0.0066828374,0.0017971675,0.001863515,-0.00076025585,-0.00017708808,0.006094534,0.0006394476,0.001842879,0.0017102878,-0.0009964618,0.00033550966,0.00074681675,0.0076810825,-0.0009526168,-0.007111543,-0.0042442386,0.0026189655,0.0032197034,-0.007158516,-0.0025143274,-0.0009921598,-0.0013473136,0.0030314578,-0.0041086613,-0.0023848685,-0.00392482,-0.0015484414,0.0034308366,-0.0056847227,0.0050364304,0.006531558,0.0019840105,-0.000467811,0.00094391196,-0.00027927314,-0.00017417577,0.00023078173,0.0056167915,0.000832677,0.0002257796,-0.004324768,0.0014460895,-0.001706042,-0.0033855091,0.002707851,-3.5997946e-06,-0.0023159208,0.00053898897,-0.00021585077,-0.0024077538,-0.0043929485,0.002704296,-0.0031477658,-0.001169096,-0.007643047,-0.0023120886,-0.00010676682,-0.00075990893,-0.0033105984,0.0022960168,-0.0060569225,0.0020049638,0.00073768187
18,,West Nusa Tenggara,Nusa Tenggara Barat,,-0.00058495055,0.0048678946,0.0024466438,0.0029205726,0.00080264686,-0.0012465976,-0.0018590471,-0.0025770233,0.0024018306,-0.0023024639,0.004985864,0.0010727864,0.0021408924,-0.0005955929,0.0018259588,-0.0005713666,0.0032013801,-0.0049579223,-0.0023025156,-0.0008506055,-0.0005314919,-0.0031697433,-0.0030182216,0.0032773793,0.0007971458,-0.004951823,0.0020635168,-0.003791195,9.220559e-06,0.0028384777,0.0010151156,-0.0030409787,-0.0022787002,-0.002387868,-0.0019545797,-0.0012902251,-0.000294722,-0.003127317,-0.00016535237,0.0009885719,0.0045580296,-0.0015551919,-0.000483318,-0.002292809,0.0054002274,-0.0043813717,0.0003030477,0.0038300168,0.002174761,0.0017045265,0.0036000463,0.00018996932,-0.0004743006,-0.0009768645,0.0054736137,0.0020762263,0.0010325974,0.0051537044,-0.0011495103,0.00046074708,-2.9219935e-05,-0.001358734,-0.0032501947,-0.003056255,0.00031772675,0.001146126,-0.0029960936,0.00043243752,0.0010787066,0.00036809003,0.006259346,0.0017734338,-0.0010719651,-0.006249393,-0.00074041326,0.00025451448,0.005315356,-0.0034097552,0.0029223105,-0.0018392416,-0.003568391,0.0023652576,0.0010864412,0.00020363112,-0.004535274,0.002682428,-0.0013484725,-0.0008489866,0.004081892,0.0033682112,0.007587012,0.0048071155,0.0015346062,0.0068349265,-0.003886548,0.0013108408,-0.00078204874,0.0010354648,-0.0014497504,-0.0026374545
19,,East Nusa Tenggara,Nusa Tenggara Timur,,-0.0005116413,0.0011967535,0.0031139592,-0.0011597426,-8.901147e-05,-0.002060223,-0.00010604571,-0.00039252103,0.0011154149,0.00051170605,0.0034996413,0.00070114527,0.0041236714,0.0017735609,0.0037281893,0.0006858408,0.0012626038,-0.006163882,-0.0018998934,-0.001971418,0.0013460323,-0.00015683968,-0.005015909,0.0010364709,-0.0009822863,-0.0035120763,0.0016948978,-0.0031261165,0.0004114177,0.004288541,0.00077761966,-0.0060912557,-0.002389958,-0.003081389,-0.001149958,-0.003948204,-0.0034595618,-0.004731474,0.0023097498,0.0017361193,0.0033823473,-0.0010122337,0.00041496553,-0.0022971549,0.0019183547,-0.0053601786,0.0013720988,0.0035561554,0.003948795,0.00055539905,0.0005375061,-5.9918344e-05,-0.0011866657,0.00037164512,0.003690048,-0.0023263174,0.006301968,0.004158982,-5.668169e-05,0.0021791458,-0.0016504298,-0.0029075118,-0.0055060387,-0.004197965,0.0046124384,-0.0019162771,0.00023067009,0.0006853314,0.006029218,-0.0018360367,0.005938092,0.0004217859,6.7576555e-05,-0.0056539145,-0.0020526212,-0.0006081077,0.003501907,-0.0019763203,0.00058982364,0.0003114382,-0.0030552454,-0.002796487,-0.00022083188,-0.001508402,-0.0026891604,0.0054348386,0.0005960595,-0.0051269312,0.0017979247,0.0026307693,0.0053510633,0.004102551,-0.00082090293,0.003999495,-0.0035456324,-0.000990224,0.0027053636,0.0041552302,-0.0011035631,6.937034e-05
20,,West Kalimantan,Kalimantan Barat,,0.0004735011,0.007090685,-0.0034054958,0.006346003,-0.00022101938,-0.004117623,0.0013093101,0.0031982523,-0.0011245991,-0.0016062234,-0.0031908269,0.0016863544,-0.00012470875,-0.0034355372,-0.0013352432,-0.0005899042,-0.0007159101,-0.004792333,0.0006487792,0.0054007918,-0.002459289,-0.0014358498,0.003937363,-0.00048271497,0.0041831937,-0.004792756,0.0035816226,-7.263152e-06,-0.0037042536,-0.0018649348,-0.0022061558,0.004096149,-0.0041170446,0.0023728427,-0.0006069442,0.001857541,0.0042830557,0.0005295827,-0.0054943515,0.0030456318,-0.00056445523,-0.0012082517,-0.005274481,0.0015027928,0.0033680787,-0.004558154,0.0041128704,0.0036201347,0.0013646799,-0.007323216,-0.0007296812,-0.00022004964,-0.004135823,-0.0043971273,0.0044362545,-0.00080806576,-0.0017096384,-0.0013292374,-0.0036134273,0.00016551651,0.005766581,-0.0031183173,-0.002151188,0.00582134,0.00050304295,0.003224343,-0.0023470516,-0.001975701,-0.002869173,0.004438255,-0.0016785134,-0.0024319836,-0.0042801173,0.0037804618,0.0017785492,-0.0007896924,0.0025842167,0.0016338103,-0.0041362555,-0.0073066778,-0.0057653096,0.0037023532,0.0026909078,0.0001068007,-0.003115357,0.0011560274,-0.0063718837,0.0025264889,0.003716447,-0.0014646171,0.006482047,-0.002099176,0.0051304037,-0.0006730797,0.00051006244,0.0016340086,-0.0006862291,-0.0027556554,-0.001119802,-0.0061062453
21,,Central Kalimantan,Kalimantan Tengah,,-0.0036745798,0.0036707444,-0.0016364248,0.0024475572,-0.0010923233,-0.0006029305,0.00039848802,0.0031147401,-0.0030398646,0.0050978865,-0.003774041,0.0041847285,0.004946982,-0.00026176195,0.0058503095,0.00090226415,-0.006406178,-0.0060404614,-0.0010229049,0.0070272125,-0.0078998,0.0025402135,0.0019449823,-0.0041236244,0.0042626844,-0.00590321,0.0050899894,0.00071352255,0.002222958,-0.004791967,-0.0004904717,0.0018567363,-0.0029304465,0.0021668668,0.00023789052,0.0044391574,0.004326327,-0.0030275534,-0.0031492626,0.0053303763,-0.0030721282,0.0029299962,-0.0013267763,-0.001977546,0.0002956367,-0.007308903,0.0010272985,-0.004009396,0.0035250895,-0.005767968,0.0015071584,-0.00031748344,-0.0028779858,-0.00083086104,0.00082471536,-0.0021157158,0.0016956156,-0.006759393,-0.004276454,0.0035364279,0.003650931,-0.00087705505,-0.0016601987,0.007797257,0.0059298156,0.0031979268,0.001633882,5.041912e-05,-0.0009462533,-0.0020090914,-0.0015110793,-0.0038195036,-0.007894164,0.0037927832,0.0018993454,0.0020946292,-0.0005125604,0.0021413956,-0.005255912,-0.0017666019,-0.0024188324,0.0023101508,-0.00043592905,-0.0037037656,0.0008664708,0.005994437,-0.0079585295,0.000111690024,-0.0017740761,-0.0038444481,-0.00094597833,-0.0015128008,0.0057604103,0.002343232,0.0013618907,-0.00026263384,0.0058826553,-0.0030434267,-0.005227684,-0.004496552
22,,South Kalimantan,Kalimantan Selatan,,-0.0022654408,0.0029669367,-0.0011645264,0.0058547854,-0.0025005308,0.00082094956,0.003946716,0.0030849397,-0.0018516087,0.00084840227,-0.0022026985,0.0020926348,0.000984285,0.0009817301,0.002913229,-0.0007977169,-0.004578568,-0.002639927,-0.004044974,0.0027901682,-0.004065352,-0.0022205533,0.003615941,-0.0030379281,0.002563814,-0.0019358846,0.0011652311,-0.0013040212,0.0003753768,-0.0036573643,-0.00023541194,0.00290702,-0.004860503,0.002396371,-0.0025281587,0.0056245923,0.0019321876,-0.0048923627,-0.0024102635,0.0029637073,-0.0016193846,0.0021371937,-0.0023962355,0.00072332646,0.00047904497,-0.007785263,0.0036499347,-0.0021614612,0.0059413034,-0.0075945044,-0.0051952754,-0.001723611,-0.0025429246,0.00023881847,0.000926524,-0.0005197901,0.001043506,-0.0019222546,-0.0012891348,-0.0005007982,0.0025475188,-0.0027971128,-0.0020956555,0.0038734898,0.00841207,0.00068090076,0.0021101343,-0.0017418624,0.0023946117,-0.0038634376,-0.002183532,-0.00662387,-0.002317946,0.0045721936,-0.002746597,-0.0032427055,-0.0012994703,0.0015137689,-0.0055167866,-0.0021620626,0.0003238173,0.003327158,0.0042243414,0.0009340649,-0.0016583917,0.006833474,-0.0012913707,0.0022431859,-9.3164854e-05,-0.00062145165,0.0023048017,-0.0023534806,0.00473273,-0.0025753905,-0.00025318004,-0.0012697086,0.0053101806,-2.1363318e-05,-0.0021401355,-0.0050580995
23,,East Kalimantan  b ,Kalimantan Timur,,-0.0004236268,0.0018882767,-0.0033915758,-0.0016740325,-0.00057316176,-0.0031861358,0.0041054958,0.00637875,-0.0012292528,0.002500841,-0.004260776,0.0023286103,0.0016664742,-0.001506988,0.002218816,0.0001401741,-0.0009812614,-0.0056239297,0.0024097885,0.0011485411,0.00092751125,0.0022598982,0.0005997204,-0.004010792,0.003099727,-0.0025344272,0.0038194985,0.00048973935,-0.004289937,0.001769033,-0.0033067453,-0.0013082102,-0.001979827,0.0026355607,0.0021447137,-0.0019956864,0.0006590466,-0.0021995567,-0.00046178553,0.0033488832,-0.0036572125,-0.0006493467,-0.003269411,0.00022437626,-0.001985536,-0.0048084175,0.0027808747,0.0011785368,0.004286844,-0.007829151,-0.0038242873,-0.0002184596,-0.0039629564,-0.002243766,0.0013455064,-0.0046299314,0.006822458,-0.00322351,-0.0009059923,0.004075799,0.00069163536,-0.0032071888,-0.0044455566,0.005158622,0.005868075,0.00025289954,0.0006602169,-0.002707788,0.005348616,0.0010122221,-0.0014949305,-0.0048857587,-0.0031549525,0.0050102985,-0.0009401195,-0.0013333888,-0.00084501377,0.00207994,-0.007450001,-0.0015476228,-0.0022367663,-0.0047664717,-5.5870973e-06,-0.0017142699,-0.0007478985,0.0051092682,-0.0037216377,-0.0048815254,-0.00042268418,-0.0016662392,0.0012261919,-0.0012652248,-0.0006735284,-0.0056737303,0.00085510156,-0.0014051677,0.0028168582,0.00057544775,-0.0022009178,-0.0009900946
24,,North Kalimantan,Kalimantan Utara,,0.00045603802,0.0038130155,0.004466162,0.0015599502,-0.00064688135,-0.0019143188,0.0014307243,0.007836316,-0.0012493662,0.0028264993,-0.0011177367,0.0022508944,0.0011476297,0.00029912184,-0.0012939925,-0.0042561605,-0.0016986798,-0.0024395774,0.0021337513,0.0037012682,-0.0053975442,-0.0022567986,0.0031921943,-0.0034858114,0.0035032104,0.0021251522,0.0028855265,0.00389687,-0.0009859927,-0.0035366807,0.0007794729,0.005574573,-0.0009817755,0.0051505947,0.0011807752,-0.00077268784,0.00027868676,-0.0032405846,-0.0017019657,-0.00081304874,-0.0016555974,0.0014161204,0.00043051667,0.0031610923,0.0023192663,-0.001817841,0.0045400998,0.00032656651,0.0029332507,-0.00043653825,-0.005140887,-0.0004855699,-0.0056007514,0.0018133016,0.0013871191,-0.0051964885,-0.001506809,-0.0019337089,-0.003637667,0.0015969644,0.0021773258,-0.0011622194,-0.0005437946,0.006028664,0.003677012,-0.0034831297,-0.005142753,-0.002679152,0.005883549,0.00073709805,-0.0020634078,-0.0060607046,-0.0018721933,0.0038412167,-0.001961173,7.44416e-05,-0.0004622134,0.0026520444,-0.008015487,-0.00471688,-0.0004968477,0.003202871,0.0021262055,0.0011548693,-0.0015824002,0.0011612129,-0.003135942,-0.00011990196,-0.0012351441,-0.002114852,0.0013204816,-0.0016550169,0.002603357,-0.0031513781,0.002845268,0.0009437052,0.0033787943,0.0026879986,-0.00048776995,-0.0065429104
25,,North Sulawesi,Sulawesi Utara,,0.0051440694,-0.0032949229,0.007577545,-0.0053697135,0.0027391133,0.0033058077,0.0015982655,0.004802596,0.0008265546,0.0020878897,-0.0009604915,0.0029065083,-0.0011889276,0.0004103285,-0.0036284989,-0.0012857462,-0.0021031257,-0.002024898,0.00011354347,-0.0041622696,-0.002254719,-0.000122939,0.002684413,-0.00077917933,0.0048353774,0.00471331,-0.004413366,0.0057573477,-0.0007139129,0.0010499568,0.0018144528,0.0025289124,-0.00025590032,0.0031332856,0.004203514,-0.00494483,-0.00034164975,-0.007266237,-0.0013116796,-0.0027035906,0.006771657,-0.0022869215,0.0022400366,0.00073756615,0.0059759463,0.0058753807,-0.0026768376,-0.0014759189,0.0032858453,-0.00027900317,0.0016373292,-0.0026117468,0.0016950835,0.0014449694,-0.00086316915,-2.9744842e-05,-0.0070089935,0.002619295,-0.00035037362,0.0035728998,0.004193221,0.0037756166,0.0005308207,0.0008401986,-0.0020460295,-0.0011690746,-0.006399924,-0.004471162,0.0030957889,-0.004928345,-0.003942183,-0.00536534,0.004341538,0.0014708351,0.000831031,-0.00013009697,0.0020478286,-0.0035629487,0.0003491228,-0.00054615736,0.006115336,-0.00014776783,0.00037148304,0.0032088347,-0.0010434365,-0.0037595578,-0.0030840544,-0.0020449678,-0.004257217,-0.0038365866,8.336626e-05,0.0019769487,-0.000859804,-0.0028624092,0.0070036305,-0.0034057715,-0.0016952669,-0.0005109799,6.454671e-05,0.002862346
26,,Central Sulawesi,Sulawesi Tengah,,0.0010134514,-0.003437194,0.0014749583,-0.004482107,0.0022936712,0.0046171965,0.0005660292,8.102038e-05,-0.0009639441,0.004359277,-0.0036167956,0.0048403423,0.0026104245,-0.00015055528,0.0035158026,0.0038726781,-0.006810624,-0.0056257816,-0.0030431126,-0.00083632517,-0.004756975,0.0046740733,0.0014372008,-0.0014169923,0.005594852,-0.003315052,-0.0022089034,0.0025740003,0.002495038,-0.00020532944,0.0005445082,-0.0011889237,-0.0022045714,0.00014955772,0.0032606297,0.000267015,0.00370599,-0.0070532053,-0.002758977,0.0034398346,0.005355126,-0.0007730458,0.00048274355,-0.004401072,0.0039523165,0.00038431905,-0.006189639,-0.0058118813,0.003877684,-0.0056104325,0.008285375,-0.00244366,0.0044178497,-0.0011991933,-0.0014255727,0.0030510274,-0.0038065687,-0.0022063893,-0.0009891607,0.0055123633,0.005666827,0.004060781,-0.0005855835,0.002608792,0.00020677439,0.005511982,0.00037671108,-0.0017415909,-0.0037340133,-0.0076745343,-0.0033898547,-0.00312414,-0.0016804324,0.0014224012,0.0046915496,0.0018900906,0.0019974818,-0.0040735975,0.003108698,0.002404121,0.0041933516,-0.001040488,-0.0021906516,-0.0016498003,0.0014054346,0.0010736659,-0.007906642,-0.0018133756,-0.004796149,-0.0055661825,-0.0021830937,0.002119165,0.0022972496,0.002632201,0.0055202534,-0.0046121106,0.0008085945,-0.006242405,-0.004675368,0.0049087037
27,,South Sulawesi,Sulawesi Selatan,,0.00242259,-0.004141002,0.0019468566,-0.0010748783,0.00088546396,0.006041076,0.004114257,5.1220413e-05,0.0002243119,0.00010979269,-0.0020454535,0.0027482486,-0.0013522722,0.0010929368,0.0005787222,0.0021726969,-0.0049830135,-0.0022252477,-0.0060651815,-0.00507337,-0.0009225273,-8.6693675e-05,0.0031081594,-0.00033129624,0.0038959815,0.0006522734,-0.006133662,0.00055645616,0.00064745673,0.0009292734,0.00079956785,-0.00013864005,-0.004134628,0.0003790618,0.0004945805,0.00145245,0.0013118511,-0.008918015,-0.0020199777,0.0010731656,0.0068078698,-0.0015658484,-0.0005867153,-0.0017001997,0.004135725,-9.204098e-05,-0.003567003,-0.0039639464,0.0062938975,-0.0074369693,0.0015829415,-0.0038497876,0.00475291,-0.00012951373,-0.0013237641,0.004646953,-0.0044586784,0.0026307488,0.0019981584,0.0014751372,0.0045634145,0.0021407232,-0.00102104,-0.0013149753,0.0026890282,0.0029949558,0.0008529633,-0.0035338723,-0.00039314828,-0.009528881,-0.0040623075,-0.005928506,0.0038957857,0.0022018114,4.5606866e-05,-0.003447244,0.001210572,-0.0047012237,0.0028478233,0.0020086602,0.006936001,-2.348097e-05,0.0024696183,0.0029880302,-0.0011194278,0.0019127032,-0.0012394832,0.00031812018,-0.003115238,-0.0023431862,0.0010676862,0.0012784848,0.0012695689,-0.0022864216,0.0039051825,-0.005619185,0.00023611927,-0.0032203416,-0.0015878188,0.0043471567
28,,Southeast Sulawesi,Sulawesi Tenggara,,0.0023119985,-0.0010345534,0.004593787,-0.004940026,0.0008112838,0.0041911374,0.004988376,0.002593977,-0.0028250394,0.00126167,-0.001505102,0.005117217,0.001825883,0.002265946,0.0032474985,0.0011847434,-0.0027669785,-0.00658091,-0.0025374452,-0.0050411867,-0.003220173,1.45511e-05,0.0016211631,0.0015229789,0.0040519214,-0.001914321,-0.002357212,0.0014351459,0.0020462037,0.0010403849,-0.00096663984,0.0009731599,-0.0052783918,-0.0016873303,0.002129861,-0.0059991227,0.003011318,-0.008601081,-2.2138032e-05,-0.004293604,0.005051108,-0.0062167617,-0.002135044,-0.004897394,0.0058674817,0.00020281691,-0.0061158296,-0.0037220486,0.0053557507,-0.0041315206,0.004685344,-0.0033007734,0.008212317,-0.0037857972,0.0009905295,0.000773016,-0.0034040625,0.0004149679,0.0020054702,0.0022448795,0.0037602661,-0.0021128072,-0.0020100672,-0.0012374077,0.0016187209,0.004258223,-0.0038871295,-0.0024423627,-0.003228168,-0.0043844488,-0.00019295164,-0.0043222,0.00380535,-0.00097589707,-0.002822897,0.00035043416,0.0021456124,-0.001951349,0.0071480623,-0.00026491995,0.0022394976,0.00016076048,-0.0036691227,-0.000603367,-0.0024279691,0.0029155035,-0.0013192561,-0.0016797876,0.00041289476,-0.0012249545,0.0011826783,0.005459738,-0.0002681018,-0.0010305918,0.0058577512,-0.00016961887,-0.0014572991,-0.001061492,-0.0032818909,0.0032903731
29,,Gorontalo,Gorontalo,,0.00827471,0.0033620999,-0.0065565947,-0.007401796,0.007424407,-0.0044920254,0.0053139725,-0.007224778,-0.004387507,-0.0043307133,-0.004380635,0.0035022495,0.008283908,0.00821039,0.0048208404,-0.0059517673,0.009217254,0.0008323322,0.0009235172,0.004038582,0.005388508,0.009047533,0.0016406174,0.0022184863,0.004922112,-0.0049105436,-0.0038571667,0.0024975606,-0.008723673,-0.0035863444,0.0043614944,0.009511911,0.00039413618,-0.0020151185,-0.0011901628,0.0037006729,0.0008975664,-0.009546262,0.0007792399,-0.0019872233,0.004010342,0.007502109,0.0092527885,0.0021966859,-0.0027410246,-0.0011199906,-0.0064619444,0.00873556,0.006939081,0.0070835156,-0.0034331265,-0.0035622308,0.0071284887,0.0008906867,0.0041026133,-0.00019788665,-0.0011383401,0.0026613392,0.0062511037,-0.0033111605,0.006179722,-0.005107335,-0.001951266,0.008267107,0.009084906,0.008471876,-0.0036758315,0.0068646967,0.008709425,0.009566695,-0.009583299,0.004907757,0.00993368,0.005290259,-0.005333729,0.0052483915,-0.0078899665,-0.00038480316,0.0025218953,-0.000873451,0.0039935852,-0.0051865685,0.0021173167,0.0029030398,0.0026708927,-0.0042176964,-0.0038913458,-0.004845756,-0.00075010606,0.0017186245,-0.0027381429,-0.0018047699,-0.004269559,-0.0056289798,0.0031557006,0.0063190395,-0.0041857087,0.007212112,0.0014243013,-0.0066569042
30,,West Sulawesi,Sulawesi Barat,,0.005161532,-1.7252984e-05,-0.00029411283,-0.0005836608,0.0031649752,0.0011025039,0.0014768513,0.00016453289,0.00095132145,-0.002344833,-0.0030335814,0.0023419682,-0.002461266,-0.0033243303,-0.0036697497,0.0023805099,-0.001120356,-0.0043776534,-0.0013714286,-0.0024627466,0.00068353635,0.00069800974,0.0034295814,0.0022239173,0.005515361,-0.002204598,-0.0037172697,0.0018532139,-0.0034321737,0.0027217027,-0.0011711762,0.001050489,-0.0033911695,0.00035553356,0.0024157949,-0.0023146016,0.003662719,-0.0034960695,-0.005104065,0.00115509,0.007862799,-0.0049112937,-0.0034649617,-0.0009207334,0.0070247585,0.0031350683,-0.003104067,0.0018176495,0.0017172744,-0.007165681,0.006048536,-0.0023462262,0.003160012,-0.00476546,0.0021859668,0.004358677,-0.0072118226,0.003223766,-0.00032613392,0.0021414522,0.007782477,0.0018195184,-0.0010765727,0.00063287443,-0.005219999,0.0055383975,-0.0036042226,-0.003767711,-0.005656933,-0.0012271877,-0.0035572888,-0.0017366194,0.0019336141,0.0014100802,0.0045707533,-0.0009942309,0.005094259,-0.0045811823,0.004228354,-0.003135955,0.00084687397,0.00035171455,0.00093618524,0.0021607662,-0.002576393,-0.0037647435,-0.006319996,0.000601423,0.00069437374,-0.0031863519,0.005244932,0.0015327897,0.001667243,-0.00038411078,0.004668425,-0.0027154684,-0.00576029,-0.005954634,-0.00056748535,0.0032990102
31,,Maluku,Ambon,,-0.0014829203,0.0038763788,-0.0011062308,-0.00087620365,-0.0031153965,0.0012508621,-0.0064239595,0.0008170975,-0.00072853075,0.0017643535,-0.004729064,-0.0017161324,-0.0007006326,0.008317504,0.0019315802,-0.0022589345,-0.0027170065,-0.0027907868,-0.0034273055,-0.0055146785,-0.0015806875,0.0022049823,0.0053532296,0.0015277325,0.006558723,-0.0030792933,-0.0027517811,-0.008242914,0.0022265243,-0.0023328424,-0.0054153926,0.0064638997,0.0015557079,0.003090949,0.0052109254,0.009697169,0.0061247675,-0.0044632596,0.006563902,-0.0008679157,0.0026007933,-4.7257403e-05,-0.0071795965,0.00022798742,-0.006834998,0.0027799036,0.0026965933,0.0055665537,0.0059743277,-0.00014638272,-0.0060955947,-0.0007794528,0.00407703,0.008921238,-0.005539408,-0.0031587249,0.0005186497,-0.0056380928,-0.00698711,-0.0060218554,-0.005150276,-0.0053992164,-0.0008692715,-0.005969813,0.0026895958,-0.0030299462,-0.002358527,-0.0036583566,0.004695172,0.003101873,0.0025338684,-0.003931524,-0.00044756697,-0.0022472024,0.0028803628,0.0030777794,0.0026554824,0.0046777576,-0.0003674146,6.6586945e-05,0.006339832,-0.0035399674,-0.0055322642,0.007492208,-0.005582963,-0.001932095,-0.0017387823,-0.0046149697,-0.00067460095,0.008086545,-0.0026476718,-0.0012819446,0.00724809,-0.0021966083,-0.0021908628,0.00085040525,0.0017284787,-0.0022256356,-0.00022801198,-0.004618804
32,,North Maluku,Maluku Utara,,0.004393961,-0.0012645858,0.006519167,0.0035241216,0.00088766485,0.002143112,-0.0036571748,0.0005203786,0.00027519267,0.0035670153,0.0015143523,-0.0014410703,0.0010509177,0.004340967,0.00036468578,-0.0039869607,0.0046097804,0.002492843,0.0021547289,-0.0013609364,-0.005525222,-0.0040644044,0.0016465372,0.0033562225,0.004953352,0.0009471085,0.0015934698,-0.0010423583,0.00029625813,-0.0018834182,0.0006471382,0.0041839196,0.0030734078,0.005634181,0.0015913076,0.0020168494,3.2538665e-05,-0.004602015,0.0029616023,-0.0030137238,0.0022862945,-0.0030581017,0.0006675385,0.0024179304,-0.0021019655,0.00732054,0.005520425,0.0031816866,0.0024227432,0.005100856,-0.0063334,-0.0015070074,-0.002515553,0.007670952,-0.003023937,-0.0016718081,-0.0048399875,-0.0016222826,-0.004354138,-0.0006266668,-0.004935533,-0.002204958,-3.5205623e-05,-0.0012072598,-0.0006712018,-0.009120362,-0.0065936865,-0.001611975,0.009385347,0.0011739216,0.0037965276,-0.0028652432,0.0011075381,-0.0015380234,0.0027313803,0.004848249,0.004486884,0.0023454535,-0.0036339571,-0.0001448472,0.006547643,0.0011813178,-0.0011227506,0.005212538,-0.0021299415,-0.0058687506,0.0008529895,-0.0025914884,0.002247604,0.0022330834,-0.003697345,0.00097154337,0.0029094487,0.0009501736,-0.00045039377,0.0016456011,0.0010803646,0.0048318664,-0.0030830281,-0.0037597641
33,,Papua,Papua,,-0.00821342,0.005423795,0.0030537418,-0.0011818853,-0.001340148,0.007208416,-0.008314018,0.003979188,-0.0059807543,-0.00815423,0.00051015324,0.009552525,0.0046722395,0.0052411337,0.0042981496,0.0057265223,0.00026491476,-0.0074429116,0.006784677,-0.0009876353,6.08761e-05,-0.0026101626,-0.006381834,0.008549539,0.0056581227,0.0028836855,-0.0019683347,0.0064536775,0.0008587195,-0.0010702397,-0.0009862846,-0.00550367,-0.008134826,0.0010518574,0.0077568507,-0.008686811,0.0071914257,0.0064791013,-0.0044801096,0.0026899972,-0.0067112898,0.005137007,0.004022329,-0.0029531308,-0.008622056,0.009427489,-0.0010364944,0.007897311,0.0035578194,0.0055295792,0.005226411,-0.006149354,-0.0027386728,-0.00065615313,-2.6057112e-05,-0.009089904,0.0009815956,-0.006879344,0.0048115747,0.0037036026,0.0084143905,0.004957038,-0.0027187692,0.009367805,-0.0018016801,-0.0035180568,0.008139113,-0.0026075677,-0.008512962,-0.0006099042,0.0059087076,-0.006197894,-0.00076546916,-0.0074273157,0.0037267385,-0.00052220386,-0.0034094127,-0.005501778,0.0012513389,0.0034072313,0.0088359,-0.0012598891,-0.006819339,0.006677981,0.002570973,0.0040253457,-0.008042545,-0.0037637777,0.0053868536,0.006645623,-0.0013038439,0.006077958,0.006824389,-0.002282595,0.008020925,-0.0042476053,-0.0052380078,0.0036504555,0.0027166363,-0.0072228345
34,,West Papua  c ,Papua Barat,,-0.0025635913,0.0059469515,-0.0033195696,0.0027929768,0.0008332639,0.003269576,-0.0053825183,0.0009941655,-0.0026331283,-0.00831267,-0.0010239171,0.004970998,0.00021822592,-0.00029185502,-0.0021100235,0.002206373,0.0019883853,-0.004973162,0.0024033915,0.0014512788,-0.0004370573,-0.003648777,-0.00086830056,0.004564211,0.0036558541,-0.0025675804,-0.0015476022,0.0017099166,-0.0022322764,0.00031964097,-0.0016991108,-0.0016858082,-0.0036258765,-0.00063247595,0.0023801918,-0.0056208973,0.005739918,0.0040211068,-0.0054341606,0.0019838004,-0.00094152766,0.0010230363,0.0016663515,-0.002738275,-0.0021319643,0.0015057271,0.00062131754,0.005723995,-0.0004318296,-0.0001519747,0.0033627462,-0.0030102085,-0.0008490559,-0.0011779007,0.00027767272,-0.0019269895,-0.0010104198,-0.0005182849,0.00046175663,0.0012831806,0.004211023,0.00020443797,-0.0006766758,0.0050586,-0.003211916,-9.69786e-05,0.0032187544,-0.0017087248,-0.0056489105,0.0009828571,0.0010520422,0.00051919156,0.00039462498,-0.0018429507,0.0028666486,-0.0026061179,0.0028873633,-0.0027474766,-0.0003388963,-9.251553e-05,0.0023249637,0.001704641,-0.0008625517,0.00397929,-0.0009858023,-0.000439009,-0.0065256124,0.0016567555,0.0067218333,0.0036191768,0.0031535693,0.0007878962,0.0026719153,-0.0003233112,0.0050899447,-0.00036595733,-0.0052947253,-0.0016683288,0.0030925083,-0.0045987354
35,,South Papua,Papua Selatan,,-0.00503344,0.0015957253,0.00041494484,0.0032675168,-0.002741803,0.0067627244,-0.002846261,0.00037565804,-0.0024674358,-0.006015894,0.000443734,0.0046936446,0.00043432234,0.004104585,0.00269786,0.0043439292,-0.00023363373,-0.0023285965,-0.00012378138,-0.0017357029,-0.000315562,-0.003081086,-0.0016156258,0.004213649,0.0031766861,0.0014479391,-0.0029012328,0.0011340206,0.00033942788,-0.0009653807,-0.0003635566,-0.0034056427,-0.004121786,0.00033622922,0.0014247394,-0.00092039374,0.0038967947,-0.00096633844,-0.0027391298,0.0030265204,-0.001373874,0.0038674283,0.0036604563,-0.0022444671,-0.005121956,0.0010863757,0.00055006973,0.0026305756,0.004859179,-0.00024392223,0.0006192713,-0.004735377,-0.000788169,0.0016139699,-0.0006954031,-0.0015110677,-0.0002458015,-0.0013962359,0.0043764315,0.00046935293,0.0038210778,0.0029645148,-0.0014506044,0.004301003,0.0026132134,-0.0018879531,0.0067092124,-0.0015096939,-0.0029862495,-0.0050754687,0.002823694,-0.004958258,0.000786368,-0.0037229275,-6.4653344e-05,-0.003321155,-0.0026730276,-0.004061774,-0.000538258,0.0037094702,0.0069784424,0.002829732,-0.00089337473,0.004362584,0.0002179757,0.0044661853,-0.001924542,-0.0003572575,0.0021772906,0.0029622102,-0.0014224797,0.0030187247,0.0036112538,-0.0020314113,0.0033001422,-0.003597449,-0.0008038911,0.0024136165,0.0013753225,-0.003880377
36,,Central Papua,Papua Tengah,,-0.006442579,0.0022995332,-5.6953635e-05,-0.00013971154,-0.0013335956,0.005338845,-0.0063944887,0.00040545818,-0.0036556919,-0.0017664101,-0.0011276086,0.0067857383,0.0043970193,0.0028610928,0.00563494,0.0060439105,-0.0020612439,-0.0057291305,0.002898288,0.002501342,-0.0041500097,0.001679681,-0.0032865845,0.0031279526,0.0048755566,-0.0025193864,0.0010235254,0.0031515646,0.0021870092,-0.0020999834,-0.00061861635,-0.0044559264,-0.0021917294,0.00010672503,0.004190789,-0.0021058286,0.006290934,0.00089847087,-0.0034781294,0.0053931894,-0.0028266176,0.0046602306,0.004729915,-0.0049453396,-0.0053053643,0.0015627358,-0.0020725664,0.00078264065,0.0024429648,0.0015826143,0.007321705,-0.0033292496,-0.0011232302,0.0005442904,-0.0007972114,-0.0031069932,0.00040630804,-0.0062333746,0.0013891124,0.004506579,0.00492449,0.0048845727,-0.0010151479,0.00822477,0.00013095996,0.0006290731,0.00623296,0.00028258748,-0.006327114,-0.0032211223,0.0034961468,-0.0021538918,-0.0047898497,-0.004502338,0.0045812894,0.00201618,-0.0018861177,-0.0034341475,-0.00027738325,0.004104931,0.004235792,0.0018127249,-0.005553645,-0.00027524668,0.002742838,0.0036271482,-0.0085917,-0.0024887535,0.0004963794,-0.0002607864,-0.00467326,0.0038594047,0.004638935,0.0028872113,0.004915213,-0.0025903746,-0.00023141573,-0.0006084468,-0.0017122263,-0.00331883
37,,Highland Papua,Papua Pegunungan,,-0.0019032622,0.0053866394,0.003092614,-0.005414917,-0.0011955715,0.0066684103,-0.0050785234,0.0026257026,-0.004422566,-0.0015203253,-0.0024426775,0.0068641645,0.0016666909,0.0025869273,0.0030070217,-0.001386499,-0.0022779312,-0.0004602722,0.0018305378,0.002043968,0.0003544134,-0.0031814238,-0.003047124,0.002259457,0.003995356,0.0038171613,-0.0017976209,0.0017394333,0.002145805,-0.0010810066,0.0025350358,-0.006372278,-0.0015153148,0.002472769,0.00049676374,-0.0014735579,0.0022021062,0.0035946635,0.0011729898,0.0036728515,-0.0012794645,0.0015974134,0.004455737,-0.00013858371,-0.0040504895,0.005765752,-0.0015358621,0.0026013164,0.005326798,-0.00024106842,0.0031719706,-0.006756027,-0.0022149403,-0.001247385,0.00036673498,-0.0012717517,-0.00010002486,-0.004675829,-0.0004864424,0.00013059253,0.0066620638,0.0050087674,-0.0018470115,0.004636736,-0.0017432786,0.0013808733,0.0056140125,-0.0010474509,-0.005206686,0.0013447547,0.00057180854,-0.0029501629,-0.00044248207,-0.005052021,0.00044158415,0.0012123538,-1.0940363e-05,-0.0015934253,-0.0007812005,-0.0023269982,0.0060021384,-0.0040669274,-0.0021814813,0.003988906,0.0013816422,0.0007858552,-0.007056854,-0.0056421948,0.00047501526,0.00482624,0.00096053263,0.0064356206,0.0012926753,-0.0037090143,0.0046222075,-0.0008037463,-0.004831569,0.001144158,0.0015277229,-0.0013946844
38,,Southwest Papua,Papua Barat Daya,,-0.0054363464,0.0028339748,-0.0031259353,0.0032374947,0.0031084307,8.938834e-07,-0.006192853,0.0036169805,-0.002697046,-0.0027335912,0.0005418259,0.0072451592,0.0020051196,-0.0015823289,0.0025961637,0.0018681998,-0.0013725401,-0.003432687,0.0049405033,-0.0019228633,0.0018649368,-0.0033987015,-0.0017764221,0.0068258257,0.0035392507,0.003004189,-0.0023275379,-0.00022003651,-0.0003528216,0.0016769881,0.0005380603,-0.0011125252,-0.006252125,0.0045044227,0.0040692044,-0.0035334365,0.0044095283,0.0019595022,-0.003974886,0.0047163246,-0.0023658555,0.0021401832,0.0055777538,-0.0014049492,-0.0010224311,0.0048554796,0.001924219,0.0072585368,0.0038152654,0.0034459983,0.0010342879,-0.0048109195,-0.0004239964,-0.0013789879,0.0006935148,-0.0024505048,-0.00038389728,0.000695838,-0.0020625156,0.0027038627,0.0036693402,0.0034576994,-3.326535e-05,0.007725266,-0.0025577627,-0.0019002715,0.0042134123,-0.002058876,-0.004392946,-0.0009485688,-1.9907951e-05,-0.0041302717,-0.00021125269,-0.0069694235,0.0033368927,-0.0033566668,-0.00082635414,0.0012547262,0.002108306,0.001136078,0.00062857557,-0.0017174976,-0.0036648535,0.0029633876,0.0029969723,-0.0010642458,-0.007816789,-0.0003345864,0.007500851,-0.0007897665,-0.0014740747,0.000359805,-5.131401e-06,-0.0005876551,0.0052493573,-0.00053914625,-0.00394101,-0.0018471384,-0.002594918,-0.0043964908
